Product1, Description1, 10
Product2, Description2, 20
Product3, Description3, 30
Product4, Description4, 40
Product5, Description5, 50
Product6, Description6, 60
Product7, Description7, 70
Product8, Description8, 80
Product9, Description9, 90
Product10, Description10, 100
Product11, Description11, 110
Product12, Description12, 120
Product13, Description13, 130
Product14, Description14, 140
Product15, Description15, 150
Product16, Description16, 160
Product17, Description17, 170
Product18, Description18, 180